state,area
FL,Alachua County FL
FL,Baker County FL
FL,Bay County FL
FL,Bradford County FL
FL,Brevard County FL
FL,Broward County FL
FL,Charlotte County FL
FL,Citrus County FL
FL,Clay County FL
FL,Collier County FL
FL,Columbia County FL
FL,DeSoto County FL
FL,Dixie County FL
FL,Duval County FL
FL,Escambia County FL
FL,Flagler County FL
FL,Franklin County FL
FL,Gadsden County FL
FL,Gilchrist County FL
FL,Glades County FL
FL,Gulf County FL
FL,Hamilton County FL
FL,Hardee County FL
FL,Hendry County FL
FL,Hernando County FL
FL,Highlands County FL
FL,Hillsborough County FL
FL,Holmes County FL
FL,Indian River County FL
FL,Jackson County FL
FL,Jefferson County FL
FL,Lafayette County FL
FL,Lake County FL
FL,Lee County FL
FL,Leon County FL
FL,Levy County FL
FL,Liberty County FL
FL,Manatee County FL
FL,Marion County FL
FL,Martin County FL
FL,Miami-Dade County FL
FL,Monroe County FL
FL,Nassau County FL
FL,Okaloosa County FL
FL,Okeechobee County FL
FL,Orange County FL
FL,Osceola County FL
FL,Palm Beach County FL
FL,Pasco County FL
FL,Pinellas County FL
FL,Polk County FL
FL,Putnam County FL
FL,Santa Rosa County FL
FL,Sarasota County FL
FL,Seminole County FL
FL,St. Johns County FL
FL,St. Lucie County FL
FL,Sumter County FL
FL,Suwannee County FL
FL,Taylor County FL
FL,Union County FL
FL,Volusia County FL
FL,Walton County FL
CA,Alameda County CA
CA,Alpine County CA
CA,Amador County CA
CA,Butte County CA
CA,Calaveras County CA
CA,Colusa County CA
CA,Contra Costa County CA
CA,El Dorado County CA
CA,Fresno County CA
CA,Imperial County CA
CA,Inyo County CA
CA,Kern County CA
CA,Kings County CA
CA,Lake County CA
CA,Los Angeles County CA
CA,Madera County CA
CA,Marin County CA
CA,Mariposa County CA
CA,Mendocino County CA
CA,Merced County CA
CA,Modoc County CA
CA,Mono County CA
CA,Monterey County CA
CA,Napa County CA
CA,Nevada County CA
CA,Orange County CA
CA,Placer County CA
CA,Plumas County CA
CA,Riverside County CA
CA,Sacramento County CA
CA,San Benito County CA
CA,San Bernardino County CA
CA,San Diego County CA
CA,San Francisco County CA
CA,San Joaquin County CA
CA,San Luis Obispo County CA
CA,San Mateo County CA
CA,Santa Barbara County CA
CA,Santa Clara County CA
CA,Santa Cruz County CA
CA,Shasta County CA
CA,Sierra County CA
CA,Siskiyou County CA
CA,Solano County CA
CA,Sonoma County CA
CA,Stanislaus County CA
CA,Sutter County CA
CA,Tehama County CA
CA,Trinity County CA
CA,Tulare County CA
CA,Tuolumne County CA
CA,Ventura County CA
CA,Yolo County CA
CA,Yuba County CA
TX,Anderson County TX
TX,Andrews County TX
TX,Angelina County TX
TX,Archer County TX
TX,Armstrong County TX
TX,Atascosa County TX
TX,Austin County TX
TX,Bandera County TX
TX,Bastrop County TX
TX,Baylor County TX
TX,Bee County TX
TX,Bell County TX
TX,Bexar County TX
TX,Blanco County TX
TX,Borden County TX
TX,Bosque County TX
TX,Bowie County TX
TX,Brazoria County TX
TX,Brazos County TX
TX,Briscoe County TX
TX,Brooks County TX
TX,Brown County TX
TX,Burleson County TX
TX,Burnet County TX
TX,Caldwell County TX
TX,Calhoun County TX
TX,Callahan County TX
TX,Cameron County TX
TX,Camp County TX
TX,Carson County TX
TX,Cass County TX
TX,Castro County TX
TX,Chambers County TX
TX,Cherokee County TX
TX,Clay County TX
TX,Cochran County TX
TX,Coke County TX
TX,Coleman County TX
TX,Collin County TX
TX,Collingsworth County TX
TX,Colorado County TX
TX,Comal County TX
TX,Comanche County TX
TX,Concho County TX
TX,Cooke County TX
TX,Coryell County TX
TX,Crosby County TX
TX,Culberson County TX
TX,Dallas County TX
TX,Dawson County TX
TX,DeWitt County TX
TX,Delta County TX
TX,Denton County TX
TX,Dickens County TX
TX,Dimmit County TX
TX,Donley County TX
TX,Duval County TX
TX,Eastland County TX
TX,Ector County TX
TX,Edwards County TX
TX,El Paso County TX
TX,Ellis County TX
TX,Erath County TX
TX,Falls County TX
TX,Fannin County TX
TX,Fayette County TX
TX,Fisher County TX
TX,Foard County TX
TX,Fort Bend County TX
TX,Franklin County TX
TX,Freestone County TX
TX,Frio County TX
TX,Gaines County TX
TX,Galveston County TX
TX,Garza County TX
TX,Gillespie County TX
TX,Glasscock County TX
TX,Goliad County TX
TX,Gonzales County TX
TX,Grayson County TX
TX,Grimes County TX
TX,Guadalupe County TX
TX,Hale County TX
TX,Hall County TX
TX,Hamilton County TX
TX,Hansford County TX
TX,Hardin County TX
TX,Harris County TX
TX,Harrison County TX
TX,Hartley County TX
TX,Haskell County TX
TX,Hays County TX
TX,Henderson County TX
TX,Hidalgo County TX
TX,Hill County TX
TX,Hood County TX
TX,Hopkins County TX
TX,Houston County TX
TX,Howard County TX
TX,Hudspeth County TX
TX,Hunt County TX
TX,Hutchinson County TX
TX,Jack County TX
TX,Jackson County TX
TX,Jasper County TX
TX,Jefferson County TX
TX,Jim Hogg County TX
TX,Jim Wells County TX
TX,Johnson County TX
TX,Jones County TX
TX,Karnes County TX
TX,Kaufman County TX
TX,Kendall County TX
TX,Kenedy County TX
TX,Kent County TX
TX,Kerr County TX
TX,Kimble County TX
TX,King County TX
TX,Kinney County TX
TX,Kleberg County TX
TX,Knox County TX
TX,La Salle County TX
TX,Lamar County TX
TX,Lamb County TX
TX,Lavaca County TX
TX,Lee County TX
TX,Leon County TX
TX,Liberty County TX
TX,Limestone County TX
TX,Lipscomb County TX
TX,Live Oak County TX
TX,Loving County TX
TX,Lubbock County TX
TX,Madison County TX
TX,Marion County TX
TX,Martin County TX
TX,Mason County TX
TX,Matagorda County TX
TX,Maverick County TX
TX,McCulloch County TX
TX,McLennan County TX
TX,Medina County TX
TX,Menard County TX
TX,Midland County TX
TX,Milam County TX
TX,Mills County TX
TX,Mitchell County TX
TX,Montague County TX
TX,Montgomery County TX
TX,Moore County TX
TX,Morris County TX
TX,Motley County TX
TX,Navarro County TX
TX,Newton County TX
TX,Nolan County TX
TX,Nueces County TX
TX,Oldham County TX
TX,Palo Pinto County TX
TX,Panola County TX
TX,Parker County TX
TX,Polk County TX
TX,Potter County TX
TX,Rains County TX
TX,Randall County TX
TX,Reagan County TX
TX,Red River County TX
TX,Reeves County TX
TX,Refugio County TX
TX,Roberts County TX
TX,Robertson County TX
TX,Rockwall County TX
TX,Runnels County TX
TX,Rusk County TX
TX,Sabine County TX
TX,San Jacinto County TX
TX,San Patricio County TX
TX,San Saba County TX
TX,Schleicher County TX
TX,Scurry County TX
TX,Shackelford County TX
TX,Shelby County TX
TX,Smith County TX
TX,Somervell County TX
TX,Starr County TX
TX,Stephens County TX
TX,Sterling County TX
TX,Stonewall County TX
TX,Sutton County TX
TX,Swisher County TX
TX,Tarrant County TX
TX,Taylor County TX
TX,Terrell County TX
TX,Titus County TX
TX,Tom Green County TX
TX,Travis County TX
TX,Trinity County TX
TX,Tyler County TX
TX,Upshur County TX
TX,Upton County TX
TX,Uvalde County TX
TX,Val Verde County TX
TX,Van Zandt County TX
TX,Victoria County TX
TX,Walker County TX
TX,Waller County TX
TX,Ward County TX
TX,Washington County TX
TX,Webb County TX
TX,Wharton County TX
TX,Wheeler County TX
TX,Wichita County TX
TX,Wilbarger County TX
TX,Williamson County TX
TX,Wilson County TX
TX,Winkler County TX
TX,Wise County TX
TX,Wood County TX
TX,Yoakum County TX
TX,Young County TX
TX,Zapata County TX
TX,Zavala County TX
NC,Alamance County NC
NC,Alexander County NC
NC,Alleghany County NC
NC,Anson County NC
NC,Ashe County NC
NC,Avery County NC
NC,Beaufort County NC
NC,Bertie County NC
NC,Bladen County NC
NC,Brunswick County NC
NC,Buncombe County NC
NC,Burke County NC
NC,Cabarrus County NC
NC,Caldwell County NC
NC,Carteret County NC
NC,Caswell County NC
NC,Catawba County NC
NC,Chatham County NC
NC,Cherokee County NC
NC,Cleveland County NC
NC,Columbus County NC
NC,Craven County NC
NC,Cumberland County NC
NC,Currituck County NC
NC,Dare County NC
NC,Davidson County NC
NC,Davie County NC
NC,Duplin County NC
NC,Durham County NC
NC,Edgecombe County NC
NC,Forsyth County NC
NC,Franklin County NC
NC,Gaston County NC
NC,Gates County NC
NC,Granville County NC
NC,Greene County NC
NC,Guilford County NC
NC,Halifax County NC
NC,Harnett County NC
NC,Henderson County NC
NC,Hoke County NC
NC,Hyde County NC
NC,Iredell County NC
NC,Jackson County NC
NC,Johnston County NC
NC,Jones County NC
NC,Lee County NC
NC,Lenoir County NC
NC,Lincoln County NC
NC,Macon County NC
NC,Madison County NC
NC,Martin County NC
NC,McDowell County NC
NC,Mecklenburg County NC
NC,Mitchell County NC
NC,Montgomery County NC
NC,Moore County NC
NC,New Hanover County NC
NC,Northampton County NC
NC,Onslow County NC
NC,Orange County NC
NC,Pamlico County NC
NC,Pender County NC
NC,Person County NC
NC,Pitt County NC
NC,Polk County NC
NC,Randolph County NC
NC,Richmond County NC
NC,Robeson County NC
NC,Rockingham County NC
NC,Rowan County NC
NC,Rutherford County NC
NC,Sampson County NC
NC,Scotland County NC
NC,Stanly County NC
NC,Stokes County NC
NC,Surry County NC
NC,Swain County NC
NC,Transylvania County NC
NC,Tyrrell County NC
NC,Union County NC
NC,Vance County NC
NC,Wake County NC
NC,Warren County NC
NC,Washington County NC
NC,Wayne County NC
NC,Wilkes County NC
NC,Wilson County NC
NC,Yadkin County NC
NC,Yancey County NC
GA,Atkinson County GA
GA,Baker County GA
GA,Baldwin County GA
GA,Banks County GA
GA,Barrow County GA
GA,Bartow County GA
GA,Ben Hill County GA
GA,Berrien County GA
GA,Bibb County GA
GA,Brantley County GA
GA,Brooks County GA
GA,Bryan County GA
GA,Butts County GA
GA,Camden County GA
GA,Candler County GA
GA,Carroll County GA
GA,Catoosa County GA
GA,Chatham County GA
GA,Chattahoochee County GA
GA,Chattooga County GA
GA,Cherokee County GA
GA,Clarke County GA
GA,Clay County GA
GA,Clayton County GA
GA,Clinch County GA
GA,Cobb County GA
GA,Coffee County GA
GA,Colquitt County GA
GA,Columbia County GA
GA,Cook County GA
GA,Coweta County GA
GA,Crawford County GA
GA,Dade County GA
GA,Dawson County GA
GA,DeKalb County GA
GA,Decatur County GA
GA,Dodge County GA
GA,Douglas County GA
GA,Early County GA
GA,Echols County GA
GA,Effingham County GA
GA,Elbert County GA
GA,Fannin County GA
GA,Fayette County GA
GA,Floyd County GA
GA,Forsyth County GA
GA,Franklin County GA
GA,Fulton County GA
GA,Gilmer County GA
GA,Gordon County GA
GA,Grady County GA
GA,Greene County GA
GA,Gwinnett County GA
GA,Habersham County GA
GA,Hall County GA
GA,Hancock County GA
GA,Haralson County GA
GA,Harris County GA
GA,Hart County GA
GA,Heard County GA
GA,Henry County GA
GA,Houston County GA
GA,Irwin County GA
GA,Jackson County GA
GA,Jasper County GA
GA,Jefferson County GA
GA,Jenkins County GA
GA,Johnson County GA
GA,Jones County GA
GA,Lamar County GA
GA,Liberty County GA
GA,Lumpkin County GA
GA,Macon County GA
GA,Madison County GA
GA,Marion County GA
GA,McDuffie County GA
GA,McIntosh County GA
GA,Meriwether County GA
GA,Miller County GA
GA,Monroe County GA
GA,Montgomery County GA
GA,Morgan County GA
GA,Murray County GA
GA,Muscogee County GA
GA,Newton County GA
GA,Oconee County GA
GA,Oglethorpe County GA
GA,Paulding County GA
GA,Peach County GA
GA,Pickens County GA
GA,Pierce County GA
GA,Pike County GA
GA,Polk County GA
GA,Pulaski County GA
GA,Putnam County GA
GA,Rabun County GA
GA,Randolph County GA
GA,Richmond County GA
GA,Rockdale County GA
GA,Schley County GA
GA,Screven County GA
GA,Seminole County GA
GA,Spalding County GA
GA,Stephens County GA
GA,Stewart County GA
GA,Sumter County GA
GA,Talbot County GA
GA,Taliaferro County GA
GA,Tattnall County GA
GA,Taylor County GA
GA,Telfair County GA
GA,Terrell County GA
GA,Towns County GA
GA,Turner County GA
GA,Twiggs County GA
GA,Union County GA
GA,Upson County GA
GA,Walker County GA
GA,Walton County GA
GA,Ware County GA
GA,Washington County GA
GA,Webster County GA
GA,Wheeler County GA
GA,White County GA
GA,Whitfield County GA
GA,Wilcox County GA
GA,Wilkes County GA
GA,Worth County GA
